video_url,published,guest,guest_aliases,guest_tier
2026-09-30	ARt5UekWi2A	Milk Bar Founder Christina Tosi on Building, Burnout and Resetting	yes
2026-09-23	fTwB-8jMDAk	Carolyn Murphy: From the Prada Pixie Cut to 73 Vogue Covers	yes
2026-09-16	PsifTIXJfVM	How Emmy Rossum Took Creative Control as EP on 'Furious'	yes
2026-09-09	Pe7Y59gAjds	Jenna Lyons on Leaving J.Crew and The Real Housewives to Reinvent Herself	yes
2026-09-02	FA6aZ2F-Cec	Hannah Berner Wanted to Play Tennis; She Flourished in Comedy	yes
2026-08-26	lM_AeMoaU9o	Lindsey Vonn Was #1 in the World When She Crashed. Will She Ever Race Again?	yes
2026-08-19	I5rfg8qTKqU	Redefining Luxury: How Marie-Louise Sciò is Building A Resort Empire	yes
2026-08-12	VBtaw_fLcUE	Why Malala Yousafzai is Betting Big on Women's Sports	yes
2026-07-15	aAwqFN26EBQ	Schiaparelli CEO Delphine Bellini Explains How She Built a Fashion Empire	yes
2026-07-08	2ZQB4Dvqhv0	How Susie Wolff Took F1 Academy from Empty Tracks to Global Partnerships	yes
2026-06-24	uhkHLt1yaQU	Misty Copeland on Performing with Prince, Taylor Swift & The Cast of Sinners	yes
2026-06-17	0G72eJNRlto	Inside the NFL’s Boardroom with Christine Dorfler	yes
2026-06-10	luKtCVl9akQ	Amy Astley on Working Alongside Anna Wintour and Building Brands	yes
2026-06-03	NKFuk0KNOQ8	Model Ashley Graham talks Body Image, Navigating the Fashion World, and Motherhood	yes
2026-05-27	HqnblxS68vY	Dr. Becky: The Parenting Advice Everyone Needs to Hear	yes
2026-05-20	zfUIyW4sn-I	Chelsea Handler: Unfiltered, Independent, and Always Evolving	yes
2026-05-13	xoRxsr2ie2g	Willow Bay on the Future of Women’s Sports	yes
2026-05-06	Irq7hrqaKSo	Gabriela Hearst is Redefining Luxury Fashion Without the Hype	yes
2026-04-29	gHPMuGZe3IE	⁠ Jeanie Buss: Inside the $10 billion Lakers sale	yes
2026-04-22	fyfBM7D60Rs	Zoe Saldaña: How I Became the Highest-Grossing Actor of All Time│Pretty Tough	yes
2026-04-15	fzM3g98jsu0	Introducing Pretty Tough with Maria Sharapova	yes
